Key,Value
0,18.745436169855804
1,22.382303058083686
2,2.1650221333503143
3,-2.5089935798414835
4,-7.813735410804046
5,22.240827338790435
6,-3.7008541575188616
7,-9.342746314698061
8,-7.984720609196139
9,-5.309272516832691
10,-3.5427875577808523
11,-2.2183142011081536
12,22.889784537329884
13,-3.065646516308211
14,-4.091487885201296
15,16.854888459152374
16,17.87065434568485
17,-3.3524130421369867
18,2.3193155980784033
19,-8.475780400857655
20,22.693901985334545
21,18.761551220607583
22,-8.855910477664018
23,21.86871193454989
24,22.793599737035677
25,17.907065911917325
26,-4.6404358439821545
27,-9.956532245831326
28,21.690737244636267
29,-9.02552618201708
30,-4.582951948840714
31,-4.06313785053316
32,20.443788928719417
33,0.7863385447525111
34,23.348043877618824
35,-8.910147569763975
36,18.719155345074206
37,21.28011363830604
38,-4.312687304786633
39,-8.380016285009988
40,22.405147048473214
41,17.392723513644608
42,-8.168372877168013
43,-8.039909474525881
44,21.654780980965132
45,18.125540962715718
46,-3.8866611521779086
47,-8.27606027192546
48,-4.363645354137714
49,0.8445086499881973
50,22.37340312126356
51,-3.808224373327441
52,-4.007554538213997
53,-8.966964008199376
54,-3.313921950209357
55,-9.487292197591643
56,18.16721300891492
57,0.9774591919859423
58,-8.324369427352641
59,-4.291927671882748
60,21.616959026457536
61,-3.8348755316117913
62,17.91981445861041
63,-3.2332849550283296
64,-2.9731885772552977
65,21.73421588178969
66,-3.4137488971232277
67,-9.391223143678834
68,21.890691282226506
69,-4.09404695884205
70,23.274875535570377
71,-2.7740908392081365
72,21.308392992413783
73,-9.410771131108794
74,-8.580668499707171
75,-8.936354147064227
76,-4.931621244501391
77,-8.104040926601511
78,-3.582741314002498
79,-4.2480542763810405
80,23.390576706304888
81,-3.9934359122519822
82,-3.360617566592117
83,18.578501929926972
84,-3.171601275667996
85,21.450664429549224
86,22.86793528145477
87,-8.820255565703002
88,21.287589501636514
89,18.09678813788833
90,-3.5192391141630885
91,-4.284376956406964
92,17.82363889807479
93,22.694087864534293
94,-3.4244631828375143
95,1.4935318097610726
96,-8.078813879294653
97,-4.261363461798494
98,-3.6665075726660974
99,18.04708321347715
