Key,Value
0,14.776962118156852
1,13.665818905497204
2,-13.627446976190313
3,14.248525003848124
4,-12.722028256116584
5,19.604315704031116
6,-8.295420889154538
7,16.1562722600822
8,20.520339187397774
9,15.031385396122465
10,-14.148591391744759
11,14.43920103734265
12,-13.81131997814349
13,16.56345579628376
14,15.192996880065369
15,-14.745627816275306
16,15.446883223441136
17,15.936080233659304
18,15.541459273219067
19,-7.737389137382118
20,20.32492468256932
21,16.01089877397667
22,14.976755309504915
23,-13.665881381006539
24,20.69031119088114
25,-8.181235755258513
26,15.31309908516366
27,-12.964848611854414
28,15.809184098659486
29,-12.96120542607777
30,-12.708358698531905
31,14.966668078716978
32,14.363723385855597
33,-7.939220979839192
34,-13.22390794352644
35,-8.624625061177202
36,16.163821330723202
37,14.387158273585863
38,15.062739100088862
39,-14.618716371390503
40,15.624762985327166
41,20.982749106213024
42,19.844569575709908
43,16.389091973297838
44,14.88181015256446
45,21.51671224870712
46,20.241792829231674
47,14.636400857436438
48,20.161935394172357
49,19.916536178780976
50,-14.621641543211208
51,18.55819490196071
52,-14.19950829107012
53,20.4621397880106
54,21.034727098602612
55,20.320412421972186
56,-14.208220991358687
57,16.00639497658674
58,21.115302887282084
59,19.46755561468968
60,20.085752403092265
61,-7.846468648975343
62,-11.81642334548425
63,14.204957970578036
64,-9.169827028176506
65,-14.487174860336063
66,15.623544025616432
67,13.913789794200143
68,15.017801109042487
69,15.307730465004754
70,14.76220400273684
71,-7.762561155760718
72,15.738026988294225
73,13.573617620302974
74,19.646149179375954
75,-13.967277728404452
76,16.175936035830855
77,16.058170191667518
78,16.26813438673461
79,14.89575410550293
80,-13.384381527107625
81,19.894087533011096
82,-9.201051189408503
83,14.892851728677591
84,15.434632468585523
85,15.082685394734296
86,-14.14392811117889
87,15.552926903087323
88,20.159562246118092
89,15.954619761505962
90,19.552007986224574
91,-9.522090473753352
92,21.057918509517453
93,20.705218590784625
94,15.394399734476846
95,16.108023403302393
96,-13.569726705659384
97,-13.142392141309934
98,14.60129458443228
99,20.193018615172267
