Identifier,0,1,2,3,4,5,6,7,8,9,10
e6861fd8be4b5f7874ac8f634f77ea75224e75f1ceb72dc849bed16c052195ea,4.984842014362073,3.8839440402670533,7.031848973212028,4.500905616115734,4.080816334297486,7.267502680374362,7.167597471444578,13.347658282581175,9.215217157570724
8c5d5274cb473d04c8be4dfdde0976604d7775cff48c3a679ea8fd9dd2b36c07,8.587646825396826,7.948948412698412,9.975174603174601,7.166194444444444,7.452381800162361,6.538682539682539,5.08508543661102,6.500331970132154,8.032596650280768
6a745d915ef19fee5f6ff0360ad64893127534d37b275917f863822cd038a459,10.660109734193625,5.623793171852908,5.838634134838591,7.9353185767938434,6.116003882626367,3.1514341723629498,10.514541511076613,11.367559775699645,9.642513187502125
2e074d936f262bf8b00c4d17dc2478c846b190122a5a016bcd6b2b3ed74204b0,4.427602443829523,3.862713905799772,5.9502577716569025,3.055445840571056,6.264956634724893,3.328517187501715,2.21497696942872,5.467894725088013,13.39741295955223
5c319a72c946bf733eb7bff126cdc543c35fe63a41b3dea2ea545dd2244224de,7.722408730158735,10.131654761904759,14.507398831479863,14.599365589285613,16.550175760808816,10.968479289123309,8.169946238947304,11.30822754937759,12.69375936919638
7418150131cd36b5cfb23baa2a6718ac4ac42906f591001f2cb0e7ef15c96cef,4.79397222222222,4.595781746031747,3.5911150793650797,4.19859126984127,4.260162698412699,3.6252817460317464,3.8117539682539667,4.253539682539683,4.387555555555556
597173c78aed500f7e3619871b3085f9e162f673edf60f5e9525b4b2ac22644d,5.158265462095326,6.95681888078758,9.25225184540701,5.354705053831,8.332529676012449,4.398378733497705,6.469661926399325,13.001180111768422,11.614932291355057
d84d56ebcb5c0e5ec7f60ea754a844baae9b04bb759a10f919871693198c3b35,3.5276146580320575,4.463280059001304,8.467974879142895,5.482424316881241,7.5746319030769484,3.7073344208227574,5.840376097040619,3.1152712080949776,5.9295115233093325
a06575ffdda3be11c2c8c3c6ca1c3a1adf2f55c1b2c59376c788df7fc16872ff,6.070749088343097,5.722645850780559,9.697381586864653,5.616825131514968,9.728188687176786,9.712524701727165,8.288212552113242,15.17347754818584,7.5461247702629874
3e4f47da0b50d35a05c2cd568a63e968dced584e232c041ad34d608e2ba0d191,4.551887984375513,9.500549191337283,7.588511585769929,7.060114031508152,8.636199134573769,4.406200950748439,5.7998546802146755,7.022605538841046,7.659763325440176
